{
  "project_info": {
    "project_number": "1026489191043",
    "firebase_url": "https://track-52211.firebaseio.com",
    "project_id": "track-52211",
    "storage_bucket": "track-52211.appspot.com"
  },
  "client": [
    {
      "client_info": {
        "mobilesdk_app_id": "1:1026489191043:android:acd74c5bd2674e7c35e9b6",
        "android_client_info": {
          "package_name": "com.spartons.driverapp"
        }
      },
      "oauth_client": [
        {
          "client_id": "1026489191043-s2kv4ohee98i3rt3fmubifpolfdet2pj.apps.googleusercontent.com",
          "client_type": 3
        }
      ],
      "api_key": [
        {
          "current_key": "AIzaSyDVJf4ot1sWWaFn0aLl_HpgsmAUOSvvnco"
        }
      ],
      "services": {
        "appinvite_service": {
          "other_platform_oauth_client": [
            {
              "client_id": "1026489191043-s2kv4ohee98i3rt3fmubifpolfdet2pj.apps.googleusercontent.com",
              "client_type": 3
            }
          ]
        }
      }
    },
    {
      "client_info": {
        "mobilesdk_app_id": "1:1026489191043:android:bbe7d8cf60650e0c35e9b6",
        "android_client_info": {
          "package_name": "com.spartons.passengerapp"
        }
      },
      "oauth_client": [
        {
          "client_id": "1026489191043-s2kv4ohee98i3rt3fmubifpolfdet2pj.apps.googleusercontent.com",
          "client_type": 3
        }
      ],
      "api_key": [
        {
          "current_key": "AIzaSyDVJf4ot1sWWaFn0aLl_HpgsmAUOSvvnco"
        }
      ],
      "services": {
        "appinvite_service": {
          "other_platform_oauth_client": [
            {
              "client_id": "1026489191043-s2kv4ohee98i3rt3fmubifpolfdet2pj.apps.googleusercontent.com",
              "client_type": 3
            }
          ]
        }
      }
    }
  ],
  "configuration_version": "1"
}